---------------------------------------------

-- TABELA CONTRIBUINTE
CREATE TABLE NOTA_FISCAL.CONTRIBUINTE (
    CD_CONTRIBUINTE VARCHAR2(20) PRIMARY KEY,
    CNPJ_CONTRIBUINTE VARCHAR2(14) NOT NULL,
    NM_FANTASIA VARCHAR2(200) NOT NULL
);

GRANT SELECT, INSERT, UPDATE, DELETE ON NOTA_FISCAL.CONTRIBUINTE TO PUBLIC;

INSERT INTO NOTA_FISCAL.CONTRIBUINTE VALUES ('270000011', '12345678000199', 'MACIEIRA MENEZES');
INSERT INTO NOTA_FISCAL.CONTRIBUINTE VALUES ('270000020', '55443322000111', 'SUPERMERCADO PRUDENTE');
INSERT INTO NOTA_FISCAL.CONTRIBUINTE VALUES ('270000031', '22334455000199', 'PADARIA DOCE PÃO');
INSERT INTO NOTA_FISCAL.CONTRIBUINTE VALUES ('270000042', '99887766000133', 'AUTO PEÇAS CENTRAL');
INSERT INTO NOTA_FISCAL.CONTRIBUINTE VALUES ('270000053', '11223344000155', 'MERCADINHO SÃO JORGE');
INSERT INTO NOTA_FISCAL.CONTRIBUINTE VALUES ('270000064', '55667788000111', 'FRIGORÍFICO BOM CORTE');
INSERT INTO NOTA_FISCAL.CONTRIBUINTE VALUES ('270000075', '66778899000100', 'OFICINA MECÂNICA SILVA');
INSERT INTO NOTA_FISCAL.CONTRIBUINTE VALUES ('270000086', '77889900000144', 'DISTRIBUIDORA ALVORADA');
INSERT INTO NOTA_FISCAL.CONTRIBUINTE VALUES ('270000097', '88990011000166', 'PAPELARIA LUZ E VIDA');
INSERT INTO NOTA_FISCAL.CONTRIBUINTE VALUES ('270000108', '99001122000177', 'FARMÁCIA POPULAR');

COMMIT;

---------------------------------------------

-- TABELA DANFE
CREATE TABLE NOTA_FISCAL.DANFE (
    ID_DANFE NUMBER GENERATED BY DEFAULT ON NULL AS IDENTITY PRIMARY KEY,
    CD_CONTRIBUINTE VARCHAR2(20) REFERENCES NOTA_FISCAL.CONTRIBUINTE(CD_CONTRIBUINTE) NOT NULL,
    NUMERO VARCHAR2(15) NOT NULL,
    VALOR_TOTAL NUMBER(12,2) NOT NULL,
    DATA_EMISSAO DATE NOT NULL
);

GRANT SELECT, INSERT, UPDATE, DELETE ON NOTA_FISCAL.DANFE TO PUBLIC;

INSERT INTO NOTA_FISCAL.DANFE (CD_CONTRIBUINTE, NUMERO, VALOR_TOTAL, DATA_EMISSAO) VALUES ('270000011', '100001', 2580.50, TO_DATE('2025-10-31','YYYY-MM-DD'));
INSERT INTO NOTA_FISCAL.DANFE (CD_CONTRIBUINTE, NUMERO, VALOR_TOTAL, DATA_EMISSAO) VALUES ('270000011', '100002', 180.00, TO_DATE('2025-10-30','YYYY-MM-DD'));
INSERT INTO NOTA_FISCAL.DANFE (CD_CONTRIBUINTE, NUMERO, VALOR_TOTAL, DATA_EMISSAO) VALUES ('270000011', '100003', 950.75, TO_DATE('2025-10-25','YYYY-MM-DD'));
INSERT INTO NOTA_FISCAL.DANFE (CD_CONTRIBUINTE, NUMERO, VALOR_TOTAL, DATA_EMISSAO) VALUES ('270000020', '200001', 990.90, TO_DATE('2025-10-31','YYYY-MM-DD'));
INSERT INTO NOTA_FISCAL.DANFE (CD_CONTRIBUINTE, NUMERO, VALOR_TOTAL, DATA_EMISSAO) VALUES ('270000020', '200002', 1500.00, TO_DATE('2025-10-29','YYYY-MM-DD'));
INSERT INTO NOTA_FISCAL.DANFE (CD_CONTRIBUINTE, NUMERO, VALOR_TOTAL, DATA_EMISSAO) VALUES ('270000020', '200003', 320.40, TO_DATE('2025-10-27','YYYY-MM-DD'));
INSERT INTO NOTA_FISCAL.DANFE (CD_CONTRIBUINTE, NUMERO, VALOR_TOTAL, DATA_EMISSAO) VALUES ('270000031', '300001', 450.00, TO_DATE('2025-10-25','YYYY-MM-DD'));
INSERT INTO NOTA_FISCAL.DANFE (CD_CONTRIBUINTE, NUMERO, VALOR_TOTAL, DATA_EMISSAO) VALUES ('270000031', '300002', 85.99, TO_DATE('2025-10-28','YYYY-MM-DD'));
INSERT INTO NOTA_FISCAL.DANFE (CD_CONTRIBUINTE, NUMERO, VALOR_TOTAL, DATA_EMISSAO) VALUES ('270000031', '300003', 1200.00, TO_DATE('2025-10-30','YYYY-MM-DD'));
INSERT INTO NOTA_FISCAL.DANFE (CD_CONTRIBUINTE, NUMERO, VALOR_TOTAL, DATA_EMISSAO) VALUES ('270000042', '400001', 980.25, TO_DATE('2025-10-29','YYYY-MM-DD'));
INSERT INTO NOTA_FISCAL.DANFE (CD_CONTRIBUINTE, NUMERO, VALOR_TOTAL, DATA_EMISSAO) VALUES ('270000042', '400002', 760.10, TO_DATE('2025-10-27','YYYY-MM-DD'));
INSERT INTO NOTA_FISCAL.DANFE (CD_CONTRIBUINTE, NUMERO, VALOR_TOTAL, DATA_EMISSAO) VALUES ('270000042', '400003', 230.00, TO_DATE('2025-10-26','YYYY-MM-DD'));
INSERT INTO NOTA_FISCAL.DANFE (CD_CONTRIBUINTE, NUMERO, VALOR_TOTAL, DATA_EMISSAO) VALUES ('270000053', '500001', 670.00, TO_DATE('2025-10-23','YYYY-MM-DD'));
INSERT INTO NOTA_FISCAL.DANFE (CD_CONTRIBUINTE, NUMERO, VALOR_TOTAL, DATA_EMISSAO) VALUES ('270000053', '500002', 1320.90, TO_DATE('2025-10-24','YYYY-MM-DD'));
INSERT INTO NOTA_FISCAL.DANFE (CD_CONTRIBUINTE, NUMERO, VALOR_TOTAL, DATA_EMISSAO) VALUES ('270000053', '500003', 75.00, TO_DATE('2025-10-28','YYYY-MM-DD'));
INSERT INTO NOTA_FISCAL.DANFE (CD_CONTRIBUINTE, NUMERO, VALOR_TOTAL, DATA_EMISSAO) VALUES ('270000064', '600001', 2050.00, TO_DATE('2025-10-22','YYYY-MM-DD'));
INSERT INTO NOTA_FISCAL.DANFE (CD_CONTRIBUINTE, NUMERO, VALOR_TOTAL, DATA_EMISSAO) VALUES ('270000064', '600002', 880.40, TO_DATE('2025-10-30','YYYY-MM-DD'));
INSERT INTO NOTA_FISCAL.DANFE (CD_CONTRIBUINTE, NUMERO, VALOR_TOTAL, DATA_EMISSAO) VALUES ('270000064', '600003', 129.99, TO_DATE('2025-10-31','YYYY-MM-DD'));
INSERT INTO NOTA_FISCAL.DANFE (CD_CONTRIBUINTE, NUMERO, VALOR_TOTAL, DATA_EMISSAO) VALUES ('270000075', '700001', 430.75, TO_DATE('2025-10-28','YYYY-MM-DD'));
INSERT INTO NOTA_FISCAL.DANFE (CD_CONTRIBUINTE, NUMERO, VALOR_TOTAL, DATA_EMISSAO) VALUES ('270000075', '700002', 1780.00, TO_DATE('2025-10-26','YYYY-MM-DD'));
INSERT INTO NOTA_FISCAL.DANFE (CD_CONTRIBUINTE, NUMERO, VALOR_TOTAL, DATA_EMISSAO) VALUES ('270000075', '700003', 97.90, TO_DATE('2025-10-27','YYYY-MM-DD'));
INSERT INTO NOTA_FISCAL.DANFE (CD_CONTRIBUINTE, NUMERO, VALOR_TOTAL, DATA_EMISSAO) VALUES ('270000086', '800001', 1560.00, TO_DATE('2025-10-20','YYYY-MM-DD'));
INSERT INTO NOTA_FISCAL.DANFE (CD_CONTRIBUINTE, NUMERO, VALOR_TOTAL, DATA_EMISSAO) VALUES ('270000086', '800002', 640.50, TO_DATE('2025-10-22','YYYY-MM-DD'));
INSERT INTO NOTA_FISCAL.DANFE (CD_CONTRIBUINTE, NUMERO, VALOR_TOTAL, DATA_EMISSAO) VALUES ('270000086', '800003', 230.00, TO_DATE('2025-10-24','YYYY-MM-DD'));
INSERT INTO NOTA_FISCAL.DANFE (CD_CONTRIBUINTE, NUMERO, VALOR_TOTAL, DATA_EMISSAO) VALUES ('270000097', '900001', 250.00, TO_DATE('2025-10-25','YYYY-MM-DD'));
INSERT INTO NOTA_FISCAL.DANFE (CD_CONTRIBUINTE, NUMERO, VALOR_TOTAL, DATA_EMISSAO) VALUES ('270000097', '900002', 820.30, TO_DATE('2025-10-26','YYYY-MM-DD'));
INSERT INTO NOTA_FISCAL.DANFE (CD_CONTRIBUINTE, NUMERO, VALOR_TOTAL, DATA_EMISSAO) VALUES ('270000097', '900003', 1580.00, TO_DATE('2025-10-31','YYYY-MM-DD'));
INSERT INTO NOTA_FISCAL.DANFE (CD_CONTRIBUINTE, NUMERO, VALOR_TOTAL, DATA_EMISSAO) VALUES ('270000108', '1000001', 980.90, TO_DATE('2025-10-29','YYYY-MM-DD'));
INSERT INTO NOTA_FISCAL.DANFE (CD_CONTRIBUINTE, NUMERO, VALOR_TOTAL, DATA_EMISSAO) VALUES ('270000108', '1000002', 110.00, TO_DATE('2025-10-30','YYYY-MM-DD'));
INSERT INTO NOTA_FISCAL.DANFE (CD_CONTRIBUINTE, NUMERO, VALOR_TOTAL, DATA_EMISSAO) VALUES ('270000108', '1000003', 220.45, TO_DATE('2025-10-31','YYYY-MM-DD'));

COMMIT;

---------------------------------------------

-- TABELA ENDERECO
CREATE TABLE NOTA_FISCAL.ENDERECO (
    ID_ENDERECO NUMBER GENERATED BY DEFAULT ON NULL AS IDENTITY PRIMARY KEY,
    CD_CONTRIBUINTE VARCHAR2(20) REFERENCES NOTA_FISCAL.CONTRIBUINTE(CD_CONTRIBUINTE) NOT NULL,
    LOGRADOURO VARCHAR2(200) NOT NULL,
    MUNICIPIO VARCHAR2(100) NOT NULL,
    UF CHAR(2) NOT NULL
);

GRANT SELECT, INSERT, UPDATE, DELETE ON NOTA_FISCAL.ENDERECO TO PUBLIC;

INSERT INTO NOTA_FISCAL.ENDERECO (CD_CONTRIBUINTE, LOGRADOURO, MUNICIPIO, UF) VALUES ('270000011', 'Av. Beira Mar, 100', 'Aracaju', 'SE');
INSERT INTO NOTA_FISCAL.ENDERECO (CD_CONTRIBUINTE, LOGRADOURO, MUNICIPIO, UF) VALUES ('270000020', 'Rua das Flores, 45', 'Estância', 'SE');
INSERT INTO NOTA_FISCAL.ENDERECO (CD_CONTRIBUINTE, LOGRADOURO, MUNICIPIO, UF) VALUES ('270000031', 'Rua do Comércio, 200', 'Lagarto', 'SE');
INSERT INTO NOTA_FISCAL.ENDERECO (CD_CONTRIBUINTE, LOGRADOURO, MUNICIPIO, UF) VALUES ('270000042', 'Av. Principal, 321', 'Itabaiana', 'SE');
INSERT INTO NOTA_FISCAL.ENDERECO (CD_CONTRIBUINTE, LOGRADOURO, MUNICIPIO, UF) VALUES ('270000053', 'Rua São João, 89', 'Propriá', 'SE');
INSERT INTO NOTA_FISCAL.ENDERECO (CD_CONTRIBUINTE, LOGRADOURO, MUNICIPIO, UF) VALUES ('270000064', 'Rua das Oliveiras, 55', 'Tobias Barreto', 'SE');
INSERT INTO NOTA_FISCAL.ENDERECO (CD_CONTRIBUINTE, LOGRADOURO, MUNICIPIO, UF) VALUES ('270000075', 'Av. Tancredo Neves, 900', 'Aracaju', 'SE');
INSERT INTO NOTA_FISCAL.ENDERECO (CD_CONTRIBUINTE, LOGRADOURO, MUNICIPIO, UF) VALUES ('270000086', 'Rua da Liberdade, 12', 'Simão Dias', 'SE');
INSERT INTO NOTA_FISCAL.ENDERECO (CD_CONTRIBUINTE, LOGRADOURO, MUNICIPIO, UF) VALUES ('270000097', 'Rua José Bonifácio, 210', 'Neópolis', 'SE');
INSERT INTO NOTA_FISCAL.ENDERECO (CD_CONTRIBUINTE, LOGRADOURO, MUNICIPIO, UF) VALUES ('270000108', 'Av. Hermes Fontes, 501', 'Aracaju', 'SE');

COMMIT;

---------------------------------------------
